Product_Name, Product_Price ,Product_Ratings,
"Amazon Basics Lightweight Super Soft Easy Care Microfiber 4-Piece Bed Sheet Set with 14-Inch Deep Pockets, Queen, Taupe, Solid", $16.50 ,4.5 out of 5 stars,
"Bedsure Queen Sheets Set Grey - Soft Microfiber Bed Sheet Set for Queen Size Bed, Easy Care Bedding Sheets & Pillowcases", $25.99 ,4.6 out of 5 stars,
Mellanni Queen Sheet Set - Hotel Luxury 1800 Bedding Sheets & Pillowcases - Extra Soft Cooling Bed Sheets, $29.70 ,4.7 out of 5 stars,
Utopia Bedding Queen Bed Sheets Set - 4 Piece Bedding Set - Soft Brushed Microfiber Fabric - Shrinkage & Fade Resistant - Easy Care (Grey), $23.99 ,4.4 out of 5 stars,
"Nestl Queen Sheets Set - 4 Piece Bed Sheet Set, Soft Microfiber Sheets, Deep Pocket Fitted Sheet, Flat Sheet, Pillowcases, Easy Care Bed Sheets", $24.99 ,4.5 out of 5 stars,
CGK Unlimited Queen Size Sheet Set - 4 Piece Set - Hotel Luxury Bed Sheets - Extra Soft - Deep Pockets - Easy Fit - Breathable & Cooling Sheets, $27.99 ,4.6 out of 5 stars,
"Elegant Comfort Luxury Soft Bed Sheets - Wrinkle and Fade Resistant 1800 Thread Count Egyptian Quality Bedding - Queen Size, Black", $22.99 ,4.3 out of 5 stars,
"SONORO KATE Bed Sheet Set Super Soft Microfiber 1800 Thread Count Egyptian Quality Luxury Sheets 4 Piece Set - Queen Size, White", $26.90 ,4.6 out of 5 stars,
"Danjor Linens Queen Size Bed Sheets Set - 1800 Series Microfiber Sheets with Deep Pockets and Easy Care Fabric - 4 Piece Bedding Set (Queen, White)", $20.99 ,4.4 out of 5 stars,
"AmazonBasics Soft Microfiber Sheet Set, Queen, Navy Blue", $18.99 ,4.5 out of 5 stars,
"Amazon Basics 400 Thread Count Cotton Sheet Set - 100% Cotton, Lightweight, Soft and Durable - Queen, White", $24.99 ,4.4 out of 5 stars,
"Utopia Bedding 3 Piece Queen Bed Sheet Set - Soft Brushed Microfiber - Shrinkage and Fade Resistant - Easy Care Bedding Sheets and Pillowcases, Grey", $19.99 ,4.3 out of 5 stars,
"California Design Den 400 Thread Count Cotton Sheets Set - Long-Staple Cotton Bed Sheets - Queen Size, White", $34.99 ,4.6 out of 5 stars,
Mellanni Queen Sheet Set - Hotel Luxury 1800 Bedding Sheets & Pillowcases - Extra Soft Cooling Bed Sheets, $29.70 ,4.6 out of 5 stars,
"Amazon Basics Ultra-Soft Micromink Sherpa Comforter Bed Set, Full/Queen, Navy Blue", $39.99 ,4.4 out of 5 stars,
"Nestl Queen Sheets Set - 4 Piece Bed Sheet Set, Soft Microfiber Sheets, Deep Pocket Fitted Sheet, Flat Sheet, Pillowcases, Easy Care Bed Sheets", $24.99 ,4.5 out of 5 stars,
"Utopia Bedding Fitted Sheet - Soft Brushed Microfiber - All-Around Elastic (Grey, Queen)", $13.99 ,4.3 out of 5 stars,
"Amazon Basics All-Season Cotton Weighted Blanket with Glass Beads - 60 x 80 Inch, Queen, 15 lbs, Dark Grey", $49.99 ,4.6 out of 5 stars,
"Elegant Comfort Premium Hotel Quality 1500 Thread Count Egyptian Quality Ultra Soft Fitted Sheet Deep Pocket (Queen, White)", $17.99 ,4.3 out of 5 stars,
Utopia Bedding 4 Piece Queen Bed Sheets Set - Soft Brushed Microfiber - Shrinkage & Fade Resistant - Easy Care (Navy), $24.99 ,4.4 out of 5 stars,
"ROSGONIA Comforter Full Size for Girls Boys Teens Oatmeal, 3pcs (1 Boho Comforter & 2 Pillowcases), Lightweight Dorm Bedding Soft All Season Bed Set", $47.99 ,4.5 out of 5 stars,
"Monbix Queen Comforter Set - 7 Pieces Apricot Beige Bed in a Bag Queen Bedding Sets with Comforters, All Seasons Down Alternative Comforter Bed Set with Sheets,Pillowcases & Shams", $49.99 ,4.4 out of 5 stars,
"Monbix Full Size Comforter Set, Sage Green Bedding Comforter for Full Size Bed Set Reversible, Bedding Sets Full 7 Pieces, Cationic Dyeing Bed in a Bag with Comforter, Sheets, Pillowcases & Shams", $49.99 ,4.4 out of 5 stars,
"Duvet Cover Set Queen, Rayon Derived from Bamboo, 3PCS Cooling Bedding, Silky-Soft Duvet Cover Withe Corner Ties & Button Closure and 2 Envelope Pillowcases - White", $69.99 ,5.0 out of 5 stars,
"UGG 32551 Leonora King-California King 3-Piece Comforter Set Soft Luxury Bedding Comforter and Two Pillow Shams Cozy Comfortable Reversible Machine Washable Hotel Style Bedding Set, King, Navy", $107.91 ,4.5 out of 5 stars,
"PENDLETON 29270 Explorer Twin-Twin XL Quilt Set Soft Cotton Bed Cover Rustic Machine Washable Bedspread Luxury Coverlet Set Cozy Lightweight Quilt and Pillow Shams Set, Twin, Grey", $151.91 ,4.7 out of 5 stars,
"CozyLux Full Comforter Set Sage Green, 7 Pieces Bed in a Bag, Bedding Comforter Set with Sheets, All Season Boho 7PC Bed Sets with Comforter, Fitted Sheets, Flat Sheets, Pillow Shams and Pillowcases", $36.99 ,4.6 out of 5 stars,
"EVERGRACE Velvet Quilt Set King Size, Luxurious Soft Striped Channel Bedding Set, Lightweight Velvet Comforter for All Season, Oversized Bedspread Coverlet with 2 Matching Shams, Beige Taupe", $89.99 ,4.6 out of 5 stars,
"ROARINGWILD Ivory Oversized California Cal King Size Quilt Bedding Sets with 2 Pillow Shams, Cream Lightweight Bedspread Coverlet, Thin Comforter Bed Cover, 3 Pieces, 118x106 inches", $43.99 ,4.4 out of 5 stars,
"Bedsure Duvet Cover Queen - Queen Duvet Cover, Boho Bedding Queen for All Seasons, 3 Pieces, Chic Geometric Tufted Duvet Cover (Light Khaki, Queen, 90""x90"")", $17.99 ,4.4 out of 5 stars,
BESTOUCH Duvet Cover Set 100% Washed Cotton Linen Feel Super Soft Comfortable Chic Lightweight 3 PCs Home Bedding Set Solid Deep Black Full/Double, $59.99 ,4.5 out of 5 stars,
"Threadmill Egyptian Cotton Full Size Sheet Set | 100% Certified Egyptian Cotton Sheets for Full Size Bed | Full Bed Sheets Set 16"" Deep Pocket | Soft Sateen 4-Piece Cooling Bedding Set | White", $61.99 ,4.4 out of 5 stars,
"LuxClub 6 PC King Sheet Set, Breathable Luxury Bed Sheets, Deep Pockets 18"" Wrinkle Free Cooling Bed Sheets Machine Washable Hotel Bedding Silky Soft - Olive King", $37.95 ,4.4 out of 5 stars,
"KASENTEX Quilt-Bedding-Coverlet-Blanket-Set, Machine Washable, Ultra Soft, Lightweight, Stone-Washed, Detailed Stitching - Solid Color (Dark Grey, Oversized Queen + 2 Shams)", $64.99 ,4.4 out of 5 stars,
"JOLLYVOGUE Queen/Full Comforter Set, 7-Piece Bed in a Bag Queen, Ultra-Soft Comforters Queen Size, Queen Size Comforter Sets, Goose Down Alternative, Oeko-TEX Certified, Sheets & Pillowcases", $32.99 ,4.4 out of 5 stars,
"TAIMIT Black Queen Size Comforter Set - 7 Pieces, Bed in a Bag Bedding Sets with All Season Soft Quilted Warm Fluffy Reversible Comforter,Flat Sheet,Fitted Sheet,2 Pillow Shams,2 Pillowcases", $35.99 ,4.6 out of 5 stars,
"Tommy Bahama - King Sheets, Cotton Percale Bedding Set, Crisp & Cool, Stylish Home Decor (Pen and Ink Palm Blue, King)(USHSA01035855)", $75.22 ,4.4 out of 5 stars,
"MR&HM Satin Bed Sheets, Queen Size Sheets Set, 4 Pcs Silky Bedding Set with 15 Inches Deep Pocket for Mattress (Queen, Black)", $29.99 ,4.5 out of 5 stars,
"WRENSONGE Queen Comforter Set, Olive Green Ultra Soft Fuzzy Sherpa Fleece Comforter, 3 Pieces Backing Reversible Washed Bedding Queen Size Plush Sherpa Comforter Set for Winter Autumn", $69.99 ,3.9 out of 5 stars,
"Anluoer Queen Comforter Set, Khaki Tufted Bed in a Bag 7 Pieces with comforters and Sheets, All Season Bedding Sets with 1 Comforter, 2 PillowShams, 2 Pillowcases, 1 Flat Sheet, 1 Fitted Sheet", $44.99 ,4.5 out of 5 stars,
"COTTEBED Ultra-Soft Queen Washed Bedding Comforter Sets Bed, All Seasons Use Light Weight with Warm Fluffy Washable Cotton Microfiber Fabric,1 Bed Comforter & 2 Pillow Sham(Queen/Full,Dark Olive Green", $49.99 ,4.4 out of 5 stars,
"CHIXIN Bedspread Coverlet Set Queen Size - Lightweight Bedding Cover - Beautiful Stitching - 4 Piece Reversible Bedspread - Gorgeous Damask Paisley Pattern (Queen, Seaglass)", $105.99 ,4.5 out of 5 stars,
"Bedsure Fleece Blankets Twin Size Grey - 300GSM Lightweight Plush Fuzzy Cozy Soft Twin Blanket for Bed, Sofa, Couch, Travel, Camping, 60x80 inches", $18.99 ,4.6 out of 5 stars,
"Bedsure Fluffy Comforter Set Queen - Super Soft Faux Fur Comforter Queen Size Cream White, Winter Warm Fleece Bedding Set, Plush Fuzzy Bed Set, 3 Pieces, 1 Shaggy Comforter with 2 Pillowcases", $69.99 ,4.6 out of 5 stars,
"JOKOLO Queen Size Comforter Set - 3 Pieces, 1 Reversible Comforter and 2 Pillowcases,Soft Quilted Warm Fluffy Cooling Bedding for All Season,Black", $16.98 ,4.6 out of 5 stars,
"WDCOZY White King Size Quilt Bedding Sets with Pillow Shams, Lightweight Soft Bedspread Coverlet, Quilted Blanket Thin Comforter Bed Cover, All Season Summer Spring, 3 Pieces, 104x90 inches", $47.99 ,4.6 out of 5 stars,
"Beige Quilt Queen Size Bedding Sets with Pillow Shams, Lightweight Soft Bedspread Coverlet, Quilted Blanket Thin Comforter Bed Cover, All Season Summer Spring, Tan Cream, 3 Pieces, 90x90 inches", $39.99 ,4.4 out of 5 stars,
"Utopia Bedding Duvet Cover Queen Size - 1 Duvet Cover with 2 Pillow Shams - 3 Pieces Bedding Duvet Cover with Zipper Closure - Soft Brushed Microfiber, 90 X 90 Inches (Queen, White)", $18.99 ,4.4 out of 5 stars,
"Luxurious Twin/Twin XL Size Goose Down Fiber Waterfowl Feather Fiber Comforter Duvet, 100% Egyptian Cotton Cover, 50 oz. Fill Weight, Baffle Box Design, White Solid", $129.95 ,4.5 out of 5 stars,
"Love's cabin California King Comforter Set Black, 7 Pieces California King Bed in a Bag, All Season Bedding Sets with 1 Comforter, 1 Flat Sheet, 1 Fitted Sheet, 2 Pillowcase and 2 Pillow Sham", $59.99 ,4.5 out of 5 stars,
"JANZAA Queen Comforter Set - Floral Comforters Queen Size, White Comforter, 3 Pieces, 1 Comforter (90""x90"") & 2 Pillow Cases (20""x26""), White", $37.99 ,4.6 out of 5 stars,
"Utopia Bedding Queen Size Sheet Set, Soft Microfiber 4 Piece Hotel Luxury Bed Sheets with Deep Pockets - Embroidered Pillow Cases - Side Storage Pocket Fitted Sheet - Flat Sheet (Denim Blue)", $20.95 ,4.6 out of 5 stars,
JANZAA Pink Blush Comforter Set Queen Comforter Set 3PCS (1 Ruffled Blush Comforter and 2 Pillowcases) Vintage Shabby Chic Bedding Soft Fluffy Comforter Set All Season, $36.99 ,4.6 out of 5 stars,
"IR Imperial Rooms Queen Quilt Bedding Set Size (90"" x 96"") + 2 Pillow Shams (20"" x 26""+ 2"") - 3 Pcs All Season Lightweight Reversible Microfiber Coverlet Embossed Quilt Bedspread (White)", $17.99 ,4.4 out of 5 stars,
"WONGS BEDDING Blue Quilt Set King Size, 3 Pieces Botanical Bedspreads Set Lightweight Microfiber Blue Plants Pattern Coverlet Home Decor for All Seasons(104""×90"")", $40.89 ,4.5 out of 5 stars,
"EMME Cotton Bed Blanket Soft Muslin Boho Bedding Lightweight Breathable Twin Blanket All Season Gauze Blanket, Light Tan", $36.89 ,4.7 out of 5 stars,
"Mellanni Queen Sheets Set - 4 PC Iconic Collection Bedding Sheets & Pillowcases - Hotel Luxury, Extra Soft, Cooling Bed Sheets - for Women, Men, Kids & Teens (Queen, Ivory)", $37.97 ,4.4 out of 5 stars,
"Bedsure Queen Comforter Set - 7 Pieces Striped Seersucker Jacquard Comforter Bedding Set, Bed in a Bag with Comforter, Flat Sheet, Fitted Sheet, Pillowcases & Shams, Olive Green", $54.99 ,4.5 out of 5 stars,
"Bedsure Queen Comforter Set Sage Green, 7 Pieces Soft Queen Bedding Set with Comforter, Sheets, Pillowcases & Shams, All Season Boho Bed in a Bag Queen, Contrasting Design", $35.98 ,4.5 out of 5 stars,
"Lush Decor Comforter Farmhouse Stripe, King, Gray", $69.34 ,4.1 out of 5 stars,
"Utopia Bedding Waterproof Mattress Protector Twin Size, Premium Terry Mattress Cover 200 GSM, Breathable, Fitted Style with Stretchable Pockets (White)", $12.89 ,4.6 out of 5 stars,
"Madison Park Heritage Comforter Quilt Combo Set - Modern Luxury Design, All Season Down Alternative Bedding, Matching Shams, Decorative Pillows, King/Cal King(104""x92""), Color Block Grey 8 Piece", $90.74 ,4.4 out of 5 stars,
"WRENSONGE Sage Green Queen Comforter Set, 7 Pieces Soft Microfiber Comforters Queen Size with Fitted Sheet, Flat Sheet, 2 Pillow Shams, and 2 Pillowcases- Warm Bedding Sets Queen for All Season", $39.99 ,4.5 out of 5 stars,
"Bedsure Boho Duvet Cover Queen - Boho Bedding, Tufted Queen Duvet Cover for All Seasons, 3 Pieces Embroidery Shabby Chic Home Bedding Duvet Cover (White, Queen, 90x90)", $29.97 ,4.5 out of 5 stars,
"Twin Sheet Set - 3 Piece Soft Breathable Bed Sheets for Twin Size Bed, Extra Deep Pocket Lxuury Brushed Sheets, Cooling Hotel Bedding Sheets and Pillowcases, Wrinkle Free Oeko-Tex Sheets", $9.48 ,4.4 out of 5 stars,
"Beckham Hotel Collection Bed Pillows Standard / Queen Size Set of 2 - Original Down Alternative Pillow for Sleeping - Bedding for Back, Stomach or Side Sleepers", $59.99 ,4.3 out of 5 stars,
"Andency White Comforter Full Size, 3 Pieces Solid Farmhouse Shabby Chic Ruffle Bedding Sets, All Season Soft Lightweight Comfy Down Alternative Bed Set for Girls Teens Men Women", $35.99 ,4.5 out of 5 stars,
"Bare Home Twin/Twin Extra Long Comforter - Reversible Colors - Goose Down Alternative - Ultra-Soft - Premium 1800 Series - All Season Warmth - Bedding Comforter (Twin/Twin XL, Black/Grey)", $38.99 ,4.7 out of 5 stars,
"Simple&Opulence 100% Linen Duvet Cover Set 3pcs Basic Style Natural French Washed Flax Solid Color Soft Breathable Farmhouse Bedding with Button Closure - Linen, King", $148.50 ,4.6 out of 5 stars,
"CozyLux King Size Comforter Set - 7 Pieces Bed in a Bag Set Black King, Complete Bedding Sets Bed Set for All Season with Comforter, Flat Sheets, Fitted Sheet, Pillowcases & Shams", $39.99 ,4.5 out of 5 stars,
"Gray Ruffle Bedding Set, Shabby Chic Farmhouse Queen Size Comforter, Boho Fluffy Cozy Washed Microfiber Full Bed Sets, 3 Piece with Ruffled Pillow Shams", $21.10 ,4.6 out of 5 stars,
"Laura Ashley - Queen Quilt Set, Reversible Cotton Bedding with Matching Shams, Lightweight Home Decor for All Seasons (Bedford Pink, Queen)", $88.99 ,4.6 out of 5 stars,
"3 Pieces Colorful Bohemian Quilt Set Full Queen Size, Purple n Grey Boho Striped Printed Bedding Bedspread Coverlet Set for Summer, Soft Lightweight Microfiber Quilt with 2 Shams (88x88 inces)", $29.99 ,4.4 out of 5 stars,
"WONGS BEDDING Brown Quilt King Size, Bohemian Stripe Quilt Sets 3 Pieces Boho Quilted Bedspread Set Lightweight Microfiber Coverlet Bedding Set All Season (104""x90"")", $39.99 ,4.3 out of 5 stars,
"Bedsure Waffle Comforter Set King, Beige Soft Cotton Bedding Set for All Seasons, Waffle Weave Bed Set, 3 Pieces, 1 Comforter (104""x90"") and 2 Pillow Shams, Premium Cotton Cover with Polyester Fill", $88.98 ,4.3 out of 5 stars,
"Hyde Lane Plaid Twin Comforter Set for Teen, Farmhouse Comforter Twin Size Bed, Grey and White Comforter, Grid Buffalo Lightweight 3 Pieces Bed Sets includes 1 Comforter, 1 Shams (66 x 90 Inch)", $29.99 ,4.5 out of 5 stars,
Geniospin 7-Piece Queen Comforter Set - Solid Bedding with Sheets and Shams for All Seasons (Dark Green), $64.99 ,4.2 out of 5 stars,
"Cozy Bliss Seersucker Cooling Comforter Queen Size, Q-Max 0.4 Reversible Lightweight Cooling Blanket, Breathable Silk Smooth Summer Bedding Quilt for Hot Sleepers Night Sweats Dark Grey", $112.99 ,4.4 out of 5 stars,
"Travan 3-Piece Quilt Set Quilted Bedspread Lightweight Coverlet Set Garden Style Floral Printed Oversized Quilted Bedding Set with Shams for All Season, Exquisite, King Size", $54.99 ,4.7 out of 5 stars,
"Anluoer Queen Comforter Set, Beige Tufted Bed in a Bag 7 Pieces with comforters and Sheets, All Season Bedding Sets with 1 Comforter, 2 PillowShams, 2 Pillowcases, 1 Flat Sheet, 1 Fitted Sheet", $39.99 ,4.5 out of 5 stars,
BESTOUCH Duvet Cover Set 100% Washed Cotton Linen Feel Super Soft Comfortable Chic Lightweight 3 PCs Home Bedding Set Solid Deep Black Queen, $64.99 ,4.5 out of 5 stars,
"ROSGONIA King Size Comforter Set Oatmeal, 3pcs (1 Boho Comforter & 2 Pillowcases), All Season Bedding Soft Lightweight Bedspread Blanket Quilt", $49.99 ,4.5 out of 5 stars,
"NTBAY Queen Comforter - Down Alternative Comforter Duvet Insert, All Season Bedding Quilted Comforter with Corner Tabs, Machine Washable, Soft Comforter Only, Black", $35.99 ,4.6 out of 5 stars,
COTTEBED Reversible Queen Bed Comforter Set - Jersey Knit T-Shirt Feel Full Size Bedding 1 Down Blanket Quilt & 2 Pillow Sham - Ultra-Soft Fluffy Lightweight Cozy All Season Use (Light Gray and White), $54.99 ,4.3 out of 5 stars,
"Anluoer Queen Comforter Set, Beige Tufted Bed in a Bag 7 Pieces with comforters and Sheets, All Season Bedding Sets with 1 Comforter, 2 PillowShams, 2 Pillowcases, 1 Flat Sheet, 1 Fitted Sheet", $39.99 ,4.5 out of 5 stars,
"Disney Cars Rusteze Racing Team 4 Piece Toddler Bedding Set, Blue/Red/Yellow/White",,4.7 out of 5 stars,
"CozyLux Full Size Comforter Sets Sage Green and Beige, 7 Pieces Full Bedding Set Contrasting Design with Comforter, Flat Sheets, Fitted Sheet, Pillowcases & Shams, Bed in a Bag Full for All Season", $35.99 ,4.8 out of 5 stars,
"CozyLux Queen Comforter Set - Black Comforter Queen Size, 3 Pieces Box Stitched Bed Set for All Seasons, Soft Lightweight Bedding Sets with 1 Down Alternative Comforter and 2 Pillow Shams", $23.99 ,4.5 out of 5 stars,
"Queen Size Comforter Set, 7 Pieces Bed in a Bag, Bedding Sets with All Season Soft Quilted Lightweight Comforter, Flat Sheet, Fitted Sheet, 2 Pillow Shams, 2 Pillowcases, Dark Grey", $39.99 ,4.5 out of 5 stars,
"Cottolester Aqua Quilt Set King Size Boho Striped Bedspread Lightweight Soft Microfiber Bedding Set 110""x90"" (3 Pieces)", $40.99 ,4.4 out of 5 stars,
"Monbix Queen Comforter Set - 7 Pieces Sage Green Bed in a Bag Queen Bedding Sets with Comforters, All Seasons Down Alternative Comforter Bed Set with Sheets,Pillowcases & Shams", $49.99 ,4.4 out of 5 stars,
"Hansleep White Quilt Queen Size - Chevron Pattern Ultrasonic All Season Bedspread Queen, Soft Lightweight Coverlet Bedding Set, 3 Pieces (1 Quilt, 2 Pillow Shams)", $27.99 ,4.6 out of 5 stars,
"JANZAA Queen Comforter Set - Floral Comforters Queen Size, Bedding Comforter Sets, 3 Pieces, 1 Comforter (90""x90"") & 2 Pillow Cases (20""x26""), Taupe", $48.99 ,4.6 out of 5 stars,
"BOURINA Ultrasonic Quilt Set Bedspreads 3-Piece Bedding Set Pre-Washed Microfiber Ultra Soft Lightweight Flower Coverlet Set for All Season, Queen Taupe", $35.99 ,4.5 out of 5 stars,
"mixinni Garden Style Cotton Flowers and Birds Pattern Printed Duvet Cover Reversible Design Peacock Blue 3 Piece Bedding Duvet Set with Zipper Closure, Perfect for Him and Her-Queen Size", $72.01 ,4.5 out of 5 stars,
"BEDELITE Fluffy Queen Comforter Set - Super Soft Sherpa Grey Comforter for Queen Size Bed, Luxury Warm Bedding Set for Winter, Fuzzy Bed Set 3 Pieces (1 Comforter, 2 Pillowcases)", $59.99 ,4.7 out of 5 stars,
"GOHOME 7-Piece Queen Comforter Set, Ultra Soft Microfiber Bedding Comforters Sets with All Season Soft Quilted Lightweight Comforter, Flat Sheet, Fitted Sheet and Pillowcases & Shams (Black,Queen)", $27.99 ,4.5 out of 5 stars,
"Bedsure Queen Quilt Bedding Set - Lightweight Summer Quilt Full/Queen - Beige Bedspreads Queen Size - Bedding Coverlets for All Seasons (Includes 1 Quilt, 2 Pillow Shams)", $32.99 ,4.6 out of 5 stars,
"SHALALA Velvet Quilt Queen Size,Striped Bedding Set,Lightweight Velvet Comforter,Luxurious Suede Bedspread and Coverlet with Soft Brushed Microfiber Back for All Season(Light Taupe,Full/Queen)", $84.99 ,4.6 out of 5 stars,
"KASENTEX Plush Poly-Velvet Lavish Design Quilt Set with Brushed Microfiber - Luxurious Bedding Soft & Warm Coverlet - Machine Washable Coverlet (Birch Sand, Queen + 2 Shams)", $54.99 ,4.5 out of 5 stars,
JANZAA Quilts Queen Size Sage Green Quilt Botanical with Floral Pattern Microfiber Bedspreads Queen Size 3 Pieces Lightweight Comforter Reversible Bedding Set with 2 Pillow Cases, $34.99 ,4.6 out of 5 stars,
6 Piece Queen Sheet Set 600 Thread Count Egyptian Cotton Sheets 6 Pieces Sheets Set Queen Size Hotel Luxury Collection Bedding 6 PC Light Blue Solid Fits Mattress Upto 18'' DEEP Pocket, $58.98 ,4.0 out of 5 stars,
"Brooklinen Luxury Sateen 4 Piece Sheet Set - 100% Cotton, Queen Size in Cream - 1 Fitted Sheet, 1 Flat Sheet, 2 Pillowcases | Best Luxury Sheets", $189.00 ,4.1 out of 5 stars,
"DOWNCOOL Twin Comforter Set -All Season Bedding Comforters Sets with 1 Pillow Case -2 Pieces Bed Set Down Alternative Comforter Set -Blue/Grey Twin Bedding Sets(64""x88"")",,4.5 out of 5 stars,
"NTBAY Twin Comforter Set with Sheets, 5 Pieces Soft and Breathable Twin Bedding Set, Twin Bed in a Bag, Down Alternative Comforter Set Solid Color All Season, Kids Bedding Set, Pink", $49.99 ,4.6 out of 5 stars,
Juicy Couture Black Velour Full/Queen Comforter Set - 3 Piece Luxury Bedding Ensemble, $71.17 ,4.5 out of 5 stars,
"Bare Home Bed-in-A-Bag 7 Piece Comforter & Sheet Set - King - Goose Down Alternative - Ultra-Soft 1800 Premium Bedding Set (King, Grey/Light Grey)", $64.99 ,4.6 out of 5 stars,
"Andency Beige Comforter Set King Size with Sheets -7 Pieces Boho Tassel Bed in a Bag Soft Lightweight Bedding Sets, All Season Fringe Bed Set with Comforter, Sheets, Pillowcases & Shams", $66.99 ,4.6 out of 5 stars,
"CASAAGUSTO Queen Comforter Set, 7 Pieces Beige Seersucker Bed in a Bag Queen Size Soft All Seasons, Bedding Sets with Comforter, Flat Sheet, Fitted Sheet, 2 Pillow Shams, 2 Pillowcases", $55.99 ,4.5 out of 5 stars,
"Blue Full Size Comforter Sets, Plaid Comforter Full Size for Boys & Girls,Classic Homestead-Style Bedding Sets Full with Full Size Bed Sheets and Comforter Set", $56.99 ,4.5 out of 5 stars,
"Tommy Bahama - Queen Quilt Set, Reversible Cotton Bedroom Decor with Matching Shams, Tropical Bedding with Textured Reverse (Distressed Water Leaves Blue, Queen)",,4.3 out of 5 stars,
HighBuy Girls Duvet Cover Twin Floral Aesthetic Bedding Sets White Pink Premium Cotton Teens Flower Kids Reversible Comforter Cover Soft Branches Bedding Collection Pink, $49.99 ,4.4 out of 5 stars,
"Threadmill Luxury 800 Thread Count 100% Cotton Sheets - Sateen Weave Twin XL Bed-Sheets, Better Than Egyptian Cotton,3 Pc Solid Bedding Set (Hotel White), Fits 15"" Deep Pocket", $74.99 ,4.4 out of 5 stars,
BESTOUCH Duvet Cover Set 100% Washed Cotton Linen Feel Super Soft Comfortable Chic Lightweight 3 PCs Home Bedding Set Solid Cornflower Blue Full/Double, $59.99 ,4.5 out of 5 stars,
SafeRest 100% Waterproof Full Size Mattress Protector - Fitted with Stretchable Pockets - Machine Washable Cotton Mattress Cover for Bed - Perfect Bedding Airbnb Essentials for Hosts, $34.99 ,4.6 out of 5 stars,
"Double Stitch by Bedsure Cotton Tencel Sheet Set - Good Housekeeping Award Winner, King Sheet Set Cooling, Soft Luxury Bedding Set, 1 Fitted Sheet, 1 Flat Sheet, 2 Pillowcases, Bright White", $169.99 ,4.4 out of 5 stars,
"CHIXIN Bedspread Coverlet Set Queen Size - Lightweight Bedding Cover - Beautiful Stitching - 4 Piece Reversible Bedspread - Gorgeous Damask Paisley Pattern (Queen, Seaglass)", $105.99 ,4.5 out of 5 stars,
"Bedsure Queen Quilt Bedding Set - Pre-Washed Full/Queen Quilt Set - Ultra Soft Bedspread Queen Size - Cream Yellow Bedding Coverlet for All Seasons (Includes 1 Quilt, 2 Pillow Shams)", $39.99 ,4.5 out of 5 stars,
"Geniospin Twin Comforter Set 6 Pieces, Bed in A Bag with Comforters, Sheets, Pillowcases & Shams - Pom Tufted Design Microfiber, All Season Down Alternative Bedding Sets (Pink, 66 x 86 Inches)", $49.99 ,4.7 out of 5 stars,
"MaiRêve Sage Green Comforter Set Queen Size, Textured Design Minimalist Queen Bedding Sets 7 Pieces, All Seasons Bed in A Bag Queen with Sheets, Comforter, Pillowcases & Shams", $44.16 ,4.6 out of 5 stars,
"The Peanutshell Baby Crib Bedding Set for Boys, Dinosaur Nursery Decor, Camo Sage Green, Crib Comforter Set, 3 Pieces", $44.99 ,4.7 out of 5 stars,
"Double Stitch by Bedsure Cotton Tencel Duvet Cover Set - Luxe Duvet Cover Queen Soft, Textured Bedding Set Eucalyptus Lyocell, Perfect for House Warming Gift, 1 Duvet Cover, 2 Shams, Bright White", $149.99 ,4.7 out of 5 stars,
"Yvooxny Quilt Set Queen Bedspread Reversible Green Farmhouse Garden Coverlet Real Patchwork Quilt Set for All Seasons, Bohemian Floral Pattern, Queen Size", $89.99 ,4.6 out of 5 stars,
"EVERGRACE Boho Comforter Set Queen Size 7 Piece, Shabby Chic Tufted Comforter Set with Sheets, Diamond Embroidery Bedding Set, All Season Soft Microfiber Complete Bed Set, Beige, 90""x90""", $59.99 ,4.3 out of 5 stars,
"MATBEBY Bedding Quilted Fitted Full Mattress Pad Cooling Breathable Fluffy Soft Mattress Pad Stretches up to 21 Inch Deep, Full Size, Dark Grey, Mattress Topper Mattress Protector", $36.99 ,4.5 out of 5 stars,
"Bedsure Duvet Cover King Size - King Duvet Cover, King Boho Bedding for All Seasons, 3 Pieces Embroidery Shabby Chic Home Bedding Duvet Cover (Beige, King, 104x90)", $47.99 ,4.5 out of 5 stars,
"WONGS BEDDING Boho Queen Quilt Set, Brown Bohemian Queen Quilt Bedding Set, Lightweight Microfiber Bed Decor Bedspread for All Season 96""x90""(3 Pieces)", $40.99 ,4.6 out of 5 stars,
"KALEIDOSPACE Kids Comforter Set Full Size for Boys, Glow in The Dark Gamer Bedding Set Full-1 Full Comforter, 1 Decor Pillow, 2 Pillow Shams", $36.99 ,4.4 out of 5 stars,
"Dobuyly Floral Comforter Full Size, 7 Piece Bed in a Bag Full Blue Flowers on White Botanical Bedding Set, Soft Microfiber Bedding Comforter Sets for All Season", $52.99 ,4.1 out of 5 stars,
"Homzard Quilts Queen Size - Black and White Queen Quilt Bedding Set, Farmhouse Grey Striped Queen Quilt, Lightweight Reversible Comforter Bedspread Set, 3 Piece All Season 100% Cotton", $94.99 ,4.6 out of 5 stars,
CLOTHKNOW White Comforter Set Queen White Ruffles Bedding Comforter Sets Boho Queen Comforter White Rustic Comforter Soft Shabby Chic Comforter 3Pcs White Queen Size Comforter Sets, $79.99 ,4.5 out of 5 stars,
"WONGS BEDDING Purple Comforter Set Queen, Boho Reversible Bedding Set - 3 Pieces (1 Striped Comforter + 2 Pillowcases), Microfiber Down Alternative for Queen Bed 90""x 90""", $39.89 ,4.4 out of 5 stars,
"Greenland Home Antique Rose Full/Queen Quilt Set, Ecru", $72.86 ,4.7 out of 5 stars,
"UNILIBRA King Comforter Set 7 Pieces Bed in a Bag - Blue King Soft Bedding Set for All Seasons - Cationic Dyeing Bed Comforter Sets with Comforter, Flat Sheet, Fitted Sheet, Pillowcases & Shams", $66.95 ,4.5 out of 5 stars,
"Purple Twin Comforter Set for Girls 5 Pieces,Silver Foiled Butterflies in Purple Cute Bedding Sets, Comforter Twin for Teen Girls, Twin Bed in a Bag(Twin, 66"" X 86"")", $39.99 ,4.5 out of 5 stars,
"CozyLux King Size Comforter Sets - Black Comforter King Size, 3 Pieces Box Stitched Soft Lightweight Bed Set, All Season Bedding Sets with 1 Down Alternative Comforter and 2 Pillow Shams", $29.99 ,4.5 out of 5 stars,
"DJY 3 Pieces Quilt Set King Blue Floral Pattern Quilt Coverlet Elegant Bohemian Bedspread with 2 Pillow Shams Soft Lightweight Bedding Quilt Set for Adults (Blue, 104""x90"")", $38.79 ,4.6 out of 5 stars,
"Wrangler - Full Sheet Set, Silky & Lightweight Bedding Set, Western Home Decor, Oeko-Tex Certified (Steer Skulls Grey, Full)", $26.33 ,4.2 out of 5 stars,
"EVERGRACE Luxury Velvet Quilt Set King Size 3 Piece, Soft Oversized Cross-Stitch Velvet Comforter Set with Pillow Shams, Lightweight Velvet Coverlet Bedspread Bedding Set for All Seasons, Light Taupe", $79.99 ,4.7 out of 5 stars,
"Monbix Queen Size Comforter Sets,Queen Bedding Set 3 Piece, All Seasons Comforters,Fluffy Bed Set Warm Bed Set Queen with Shams (Olive Green, Queen, 90''x90'')", $38.99 ,4.5 out of 5 stars,
"LuxClub 6 PC King Sheet Set, Breathable Luxury Bed Sheets, Deep Pockets 18"" Wrinkle Free Cooling Bed Sheets Machine Washable Hotel Bedding Silky Soft - White King", $37.95 ,4.4 out of 5 stars,
BESTOUCH Duvet Cover Set 100% Washed Cotton Linen Feel Super Soft Comfortable Chic Lightweight 3 PCs Home Bedding Set Solid Dark Black Full/Double, $59.99 ,4.5 out of 5 stars,
"Easy-Going Full/Queen Size Reversible Quilt Set with 1 Quilt and 2 Pillow Shams, Soft Bed Quilt Cover, Lightweight Microfiber Bedspread, Water and Stain Resistant, Gray/Light Gray", $27.99 ,4.6 out of 5 stars,
"Queen 6 Piece Sheet Set - Breathable & Cooling Bed Sheets - Hotel Luxury Bed Sheets for Women, Men, Kids & Teens - Bedding w/ Deep Pockets & Easy Fit - Soft & Wrinkle Free - Queen Light Grey Sheets", $34.99 ,4.4 out of 5 stars,
Marvel Spiderman Across The Spider-Verse Glitch 7 Piece Full Size Bed Set - includes Comforter & Sheet Set Bedding - Super Soft Fade Resistant Microfiber (Official Product), $67.96 ,4.8 out of 5 stars,
"LUCKYBULL Comforter Set Twin Bedding Set Fluffy Black Plaid Down Alternative Comforter, Checkered Soft Textured Comforter with 1 Pillowcase All Seasons, Black and White 2 Piece", $42.99 ,4.6 out of 5 stars,
"MooMee Bedding Duvet Cover Set 100% Washed Cotton Twill Thick Sturdy Material Super Soft Breathable Durable Casual Look Luxurious Feel (Tannish Linen Grey, Queen)", $69.99 ,4.6 out of 5 stars,
"Travan Garden Style Floral Duvet Cover 100% Cotton Duvet Covers Ultra Soft Green Floral Bedding Sets with Zipper Closure, (3pcs, Queen Size)", $54.99 ,4.4 out of 5 stars,
"WARMDERN White and Grey Boho Duvet Cover Queen Size, Striped Tufted Duvet Cover Set, Textured Bedding Set, 3 Pcs Soft Microfiber Bedding with Zipper and Conner Ties(Queen, White Grey)", $39.99 ,4.4 out of 5 stars,
"Bedsure Twin/Twin XL Comforter Set - Pink Ruffle Comforter, Twin Bedding Sets for Girls, Shabby Chic Dorm Bedding Set, 2 Pieces Lightweight Fluffy Soft Bed Set, Includes 1 Pillow Sham", $33.99 ,4.6 out of 5 stars,
"Geniospin King Size Comforter Set, Bed in A Bag 7-Pieces, Black Textured All Season Comfortable Bedding Sets with Comforter, Sheets, Pillowcases & Shams (Black, 102""x90"")", $74.99 ,4.5 out of 5 stars,
"ECOCOTT White Duvet Cover Queen Size, 100% Washed Cotton 1 Duvet Cover with Zipper and 2 Pillowcases, Ultra Soft and Easy Care Breathable Bedding Set (White, Queen)", $57.99 ,4.4 out of 5 stars,
"ROSGONIA King Size Comforter Set Beige, 3pcs (1 Boho Comforter & 2 Pillowcases) All Season Bedding Soft Lightweight Bedspread Cozy Blanket Quilt", $52.99 ,4.5 out of 5 stars,
"MooMee Bedding Duvet Cover Set 100% Washed Cotton Twill Thick Sturdy Material Super Soft Breathable Durable Casual Look Luxurious Feel (Cream Grey, Queen)", $69.99 ,4.6 out of 5 stars,
"Franco Grinch by Dr. Seuss Holiday Bedding Super Soft Pillow Sham and Quilt Set, Full/Queen Size 88"" x 92"", (100% Officially Licensed Product)", $69.67 ,4.7 out of 5 stars,
Nest Bedding Easy Breather Memory Foam Pillow Standard/Queen, $119.00 ,4.0 out of 5 stars,
"Canadian White Goose Down Pillows Queen Size Set of 2,900+ Fill Power Side Sleeper Pillow for Sleeping Neck Pain Relief,100% Cotton Shell 600 Thread Count Bed White Hotel Quality Fluffy Pillows", $229.99 ,4.9 out of 5 stars,
Erosebridal Adults Black Damask Bedding Set Antique Victorian Baroque Down Comforter Queen Gothic Vintage Floral Comforter Set Bohemian Exotic Bedding Quilted Grey Bedroom Decor 2 Pillow Cases, $59.99 ,4.5 out of 5 stars,
BESTOUCH Sheet Set 100% Washed Cotton Linen Feel Super Soft Comfortable Chic Lightweight 4 Pcs Home Bedding Set Solid Bright White Queen, $69.99 ,4.4 out of 5 stars,
"Hansleep White Quilt Queen Size - Point Pattern Ultrasonic All Season Bedspread Queen, Soft Lightweight Coverlet Bedding Set, 3 Pieces (1 Quilt, 2 Pillow Shams)", $26.99 ,4.6 out of 5 stars,
"JANZAA Queen Comforter Set - Floral Comforters Queen Size, Bedding Comforter Sets, 3 Pieces, 1 Comforter (90""x90"") & 2 Pillow Cases (20""x26""), Sage Green", $39.99 ,4.6 out of 5 stars,
"KASENTEX Queen Size Comforter Set with 2 Shams - Down Alternative Duvet Insert with Corner Ties, Reversible, Lightweight, Ultra Soft, Machine Washable, All-Season（White）", $40.99 ,4.6 out of 5 stars,
3 Piece Fall Burnt Orange/Terracotta King Size Quilt Boho Floral Lightweight Bedding Set Autumn Botanical Branch Leaves Bedspread Coverlet Set with 2 Pillow Shams All Season Microfiber Bed Quilt Cover, $39.99 ,4.5 out of 5 stars,
"Codi Pink and White Queen Comforter Set with Sheets, Bed in a Bag for Women, 7 Piece Complete Bedding Sets with 1 Striped Comforter, 2 Pillow Shams, Flat Sheet, Fitted Sheet and 2 Pillowcases", $54.99 ,4.4 out of 5 stars,
"Newspin Queen Comforter Set Sage green 7-Pieces Floral Bed in a Bag Queen, Reversible Lightweight Bed Set For All Season,Bedding Comforter Set With Flowers Printed Comforter,Sheets,Pillowcases & Shams", $31.49 ,4.6 out of 5 stars,
"Queen Bed Comforter Set-7-Piece Queen Size Bedding Sets in Bag:Dark Grey Quilted Ultra Soft Washed Microfiber, Textured Duvet,Flat Sheet, Fitted Sheet, Pillowcases, Pillow sham for All Seasons", $39.99 ,4.4 out of 5 stars,
"White Queen Comforter Set- Boho Tufted Shabby Chic White Comforter Queen,3 Pieces White Queen Comforter for All Seasons,White Comforter Set with 1 Comforter & 2 Pillow Shams", $41.99 ,4.4 out of 5 stars,
Queen Comforter Set Black Bedding - Ruched Comforter Queen Size Bed Set Boho Shabby Chic Bedding for Bedroom Comforter Fluffy 3 Piece Ruffle Comforter Set with Pillow White Bedding Soft, $49.99 ,4.4 out of 5 stars,
"Bluewave Bedding Extra Slim Gel Memory Foam Pillow for Stomach and Back Sleepers - Thin, Flat Design for Cervical Neck Alignment and Deeper Sleep (1.75-Inches Height, Standard Size)", $39.95 ,4.5 out of 5 stars,
"The Peanutshell Safari Crib Bedding Set for Boys or Girls, 4pc Organic Cotton Crib Comforter Set, Elephant Giraffe Monkey Zebra Nursery Decor, Neutral Grey, White, Tan, Green", $129.99 ,4.9 out of 5 stars,
"WONGS BEDDING Boho Quilt Set King Size Aqua, 3 Pieces Striped Bedspread Coverlet Set, Bohemian Soft Lightweight Microfiber for All Season(104""×90"")", $41.99 ,4.6 out of 5 stars,
"Disney The Little Mermaid Bedspread Twin Set for Kids - Bundle with Ariel Quilted Bedspread for Twin Bed Plus Stickers, More | Little Mermaid Twin Bedding Set for Girls", $29.99 ,4.7 out of 5 stars,
"Franco Scooby Doo Bedding 7 Piece Super Soft Reversible Comforter and Sheet Set with Sham, Queen, (Officially Licensed Product)", $42.38 ,4.5 out of 5 stars,
"Bedsure Boho Duvet Cover King Size - Tufted Duvet Cover King Size for All Seasons, 3 Pieces Soft Shabby Chic Embroidery Boho Bedding Duvet Cover for Gifts (Navy, King, 104x90)", $95.98 ,3.1 out of 5 stars,
"SpaceAid 10 Pack Bed Sheet Organizers and Storage, Foldable Sheet Organizer for Linen Closet, Sheets Set Folder Keeper with Window XL (Queen & King Size) Organizing Bedding Container, Gray", $48.50 ,3.5 out of 5 stars,
"Geometric Blue Black Comforter Set,Light Honeycomb 3 Piece Bedding Set Full Size for Teen Boys,Modern Quilt Set Geometry Decor,Microfiber Lightweight 1 Comforter 2 Pillowcases All Season", $21.96 ,4.7 out of 5 stars,
"Laura Ashley Quilt Set Cotton Reversible Bedding with Matching Shams, Lightweight Home Decor Ideal for All Seasons, Queen, Venetia Grey, 4 Count", $39.99 ,4.8 out of 5 stars,
"2-Pack Organic Crib Sheets for Boys, Girls - Jersey Fitted Crib Sheet, Baby Crib Sheets Neutral, Crib Mattress Sheet, Cotton Crib Sheets, Breathable Crib Sheet, Baby Mattress Sheets (KeaSafari)", $44.99 ,4.6 out of 5 stars,
"OLANLY Full Quilted Fitted Mattress Pad - Cooling Soft Mattress Topper - Elastic Fitted Mattress Protector - Machine Washable Mattress Cover Stretches up to 21 Inches Deep (54x75 inch, White)", $86.99 ,4.4 out of 5 stars,
"ROARINGWILD Blue King Size Quilt Bedding Sets with 2 Pillow Shams, Lightweight Soft Bedspread Coverlet, Quilted Blanket Thin Comforter Bed Cover for All Season, 3 Pieces, 104x90 inches", $35.99 ,4.9 out of 5 stars,
"Eddie Bauer - King Quilt Set, Premium Cotton Reversible Bedding with Matching Shams, Patchwork Home Decor (Classic Patchwork Green, King)", $46.99 ,4.5 out of 5 stars,
"PHF Velvet Comforter Set King Size, 5 Piece Soft Luxury Textured Bedding Comforter Sets, Fluffy Breathable Bed in A Bag Including 1 Comforter, 2 Pillow Shams, 2 Euro Shams for Home Decor, Black", $31.99 ,4.5 out of 5 stars,
"Andency White Comforter Queen, Boho Soft Warm Tufted Bedding Comforter Sets for Queen Size Bed, 3 Pieces Aesthetic Microfiber Elegant Farmhouse Bohemian Textured Lightweight Bed Set", $59.99 ,4.7 out of 5 stars,
"MUXHOMO Ming Blue King Comforter Set, Elegant Floral Print Bed in a Bag 7 Pieces, Ultra Soft & Breathable Reversible Botanical Pattern Bedding Set with Comforter, Sheets, Pillowcases, and Shams", $55.96 ,4.6 out of 5 stars,
"Dorm Room Essentials College Bedding Comforter Set 7 Piece Full Size Bed in a Bag for College Students Boys and Girls, Full, Navy Blue", $66.99 ,4.4 out of 5 stars,
"WONGS BEDDING Boho Comforter Set Queen, Beige Tufted Comforters Queen Size, 3 Pieces Soft Microfiber Shabby Chic Embroidery Bedding Comforter Set for All Seasons", $30.99 ,4.1 out of 5 stars,
"WARMDERN Dark Grey Velvet Duvet Cover Queen Size Flannel Duvet Cover Bedding Sets, 3pcs Ultra Soft Luxury Textured Modern Crystal Velvet Duvet Covers with Zipper Closure(Dark Grey, Queen)", $49.99 ,4.7 out of 5 stars,
"DJY Blue Branch Comforter Set Queen Size, 7 Piece Branch Botanical Pattern Bed in a Bag, Soft Microfiber Light Blue Branches Bedding Sets for All Season (90''x90'')", $39.99 ,3.9 out of 5 stars,
"Wajade Floral Comforter Set Bed in A Bag Full Size 7 Piece Botanical Flower Green Leaves Rabbits Bedding Set for Girls (1 Comforter, 1 Flat Sheet, 1 Fitted Sheet, 2 Pillowcase and 2 Pillow Sham)", $27.99 ,4.1 out of 5 stars,
"MR&HM Satin Bed Sheets, Queen Size Sheets Set, 4 Pcs Silky Bedding Set with 15 Inches Deep Pocket for Mattress (Queen, Teal)", $59.98 ,4.3 out of 5 stars,
Nayoroom Boho Duvet Cover Set Queen Size Beige Tufted Chenille Cute Heart Love Textured Comforter Cover 3Pcs Luxury Soft Washed Microfiber Aesthetic Bedding with Zipper Closure for All Season, $148.50 ,4.4 out of 5 stars,
"Boho Full Size Comforter,Grey Brown Textured Striped Comforter for Full Size Bed Set,3 Piece Warm Fluffy Bedding Sets Full with Shams,80""*90""(Grey Brown, Full)", $64.00 ,4.8 out of 5 stars,
"DJY Green Quilt Set King 3 Pieces Boho Olive Green Bedspread Reversible Geometric Coverlet Set for All Season Lightweight Soft Microfiber Bohemian Bedding Set 90""x 103""", $76.99 ,4.5 out of 5 stars,
Jay Franco Disney Mickey Mouse Cute Faces 4 Piece Twin Bed Set - includes Comforter & Sheet Set - Super Soft Fade Resistant Polyester - (Official Disney Product), $89.99 ,5.0 out of 5 stars,
"Simple&Opulence 100% Linen Duvet Cover Set, 3 PCS Pure Natural French Flax Olive Green Duvet Cover King Size, Breathable Soft Comfy Linen Bedding Comforter Cover with 2 Pillowcases(King, 104""x92"")", $69.99 ,4.7 out of 5 stars,
"Eddie Bauer - Queen Sheet Set, Premium Cotton Percale Bedding Set, Floral Home Decor, Oeko-Tex Certified (Woodblock Floral Blue, Queen)", $44.99 ,4.4 out of 5 stars,
"Luxury Velvet King Quilt Set, Ultra Soft Lightweight Cream White Velvet Comforter Set, Oversized Bedspread Coverlet with 2 Shams Diamond Pattern, for All Season", $31.81 ,,
Disney Mickey Mouse Queen Comforter Set - 7 Piece Bedding Includes Sheet Set & Pillow Covers - Super Soft Cozy Celestial Bedding, $86.93 ,,
"Franco Paw Patrol Kids Bedding Super Soft Premium Organic Cotton Duvet Cover with Sham, 2 Piece Twin Size, (Officially Licensed Product)", $86.25 ,,
"MooMee Bedding Duvet Cover Set 100% Washed Cotton Linen Like Textured Breathable Durable Soft Comfy (Tannish Linen Grey, Cal King)", 9 sizes ,4.4 out of 5 stars,"Options:9 sizes9 sizes: $84.99$84.99, Options:9 sizes9 sizes: $1.33$1.33"
"12 Combo Pack Travel Vacuum Bags with Prtable Electric Pump，Compression Bags for Travel,Vacuum Storage Bags for Space Saver & Travel Essentials,Vacuum Storage Bags for Travel, Luggage, Bedding", $27.99 ,4.6 out of 5 stars,
BESTOUCH Duvet Cover Set 100% Washed Cotton Linen Feel Super Soft Comfortable Chic Lightweight 3 PCs Home Bedding Set Solid Bright White Full/Double, 10 sizes ,4.5 out of 5 stars,"Options:10 sizes10 sizes: $59.99$59.99, Options:10 sizes10 sizes: $0.96$0.96, Options:10 sizes10 sizes: $75.99$75.99"
"Mayfair Linen 100% Pure Egyptian Cotton Sheets Queen Size - 1000 High Thread Count Sheets Queen, 4 PC Luxury Hotel Sheets for Queen Bed, 16"" Deep Pocket Soft Sateen Cooling Bedding Sets - Light Blue", 4 sizes ,4.3 out of 5 stars,Options:4 sizes4 sizes: $84.99$84.99
Jay Franco Disney Mickey Mouse Queen Sized Sheet Set - Moons and Stars Super Soft 4 Piece Bedding Set - Kids Microfiber Sheets Includes Reversible Pillow Covers, $34.99 ,,
Vintage Floral Comforter Set Full Size Comforter Set Garden Pink Floral Bedding Set Aesthetic Flowers Botanical Comforter Set 1 Pink Floral Comforter with 2 Pillowcases Fluffy All Seasons Bedding Set, 4 sizes ,4.5 out of 5 stars,Options:4 sizes4 sizes: $58.99$58.99
"Cottolester King Quilt Set 3 Pieces,Striped Plaid Bedspread Coverlet Set,Bohemian Gray and Blue Bedding Set Soft Microfiber Bedding Set for All Season 110""x90""", 2 sizes ,4.5 out of 5 stars,Options:2 sizes2 sizes: $40.99$40.99
"Viviland Twin Comforter Set for Boys - Kids Brushed Microfiber Twin Bedding Set - 5 Pieces Machine Washable Bed in A Bag with Soft Comforters, Sheet Set, Shams - Excavator Car Truck Printed", 4 sizes ,4.7 out of 5 stars,"Options:4 sizes4 sizes: $42.29$42.29, Options:4 sizes4 sizes: $45.99$45.99"
"Andency Fleece King Comforter Set, 3 Pieces Navy Blue Comforter Set for King Size Bed, Soft Warm Fluffy Fuzzy Bedding Set for Winter (1 Comforter & 2 Pillowcases)", 3 sizes ,4.6 out of 5 stars,Options:3 sizes3 sizes: $62.99$62.99
"Franco The Smurfs Kids Bedding Super Soft Cozy Reversible Comforter and Sheet Set, 4 Piece Twin Size, (Officially Licensed Product)", 4 sizes ,4.8 out of 5 stars,"Options:4 sizes4 sizes: $92.90$92.90, Options:4 sizes4 sizes: $23.23$23.23"
"TEXAS LINEN CO. Luxury Egyptian Cotton California King Stripe Sheet Set, 600 Thread Count Extra Long Staple 4 PC Set, Cal King Blue Stripe Sheets, Soft, Cooling Sheets Upto 18 in Deep Pocket", 7 sizes ,4.2 out of 5 stars,"Options:7 sizes7 sizes: $77.99$77.99, Options:7 sizes7 sizes: $19.50$19.50"
"Threadmill Luxury 800 Thread Count 100% Cotton Sheets - Sateen Weave Twin XL Bed-Sheets, Better Than Egyptian Cotton,3 Pc Solid Bedding Set (Hotel White), Fits 15"" Deep Pocket", 6 sizes ,4.4 out of 5 stars,Options:6 sizes6 sizes: $74.99$74.99
"ROSGONIA King Size Comforter Set Taupe Brown, 3pcs(1 Boho Tan Comforter & 2 Pillowcases) All Season Bedding Lightweight Bedspread Blanket Quilts", 6 sizes ,4.5 out of 5 stars,Options:6 sizes6 sizes: $49.99$49.99
"CozyLux Cooling Sheets King Size, Rayon derived from Bamboo, Oeko-TEX Certified Luxuriously Soft & Cooling Silky Sheet Set - 16"" Deep Pockets 4 Piece Bedding Sheets & Pillowcases，White", 3 sizes ,4.4 out of 5 stars,"Options:3 sizes3 sizes: $49.99$49.99, Options:3 sizes3 sizes: $69.99$69.99"
"DJY Beige King Size Quilt Set, Lightweight Soft Bedspread King Size, Bedding Coverlet for All Seasons (Includes 1 Quilt, 2 Pillow Shams)", 3 sizes ,5.0 out of 5 stars,Options:3 sizes3 sizes: $47.49$47.49
"Betsey Johnson - Twin Duvet Cover, Soft Bedding Set with Matching Shams, Chic Home Decor (Wonderland Stripe Black, Twin)", 3 sizes ,4.2 out of 5 stars,Options:3 sizes3 sizes: $29.99$29.99
"Boho Queen Comforter Set 8 Pieces, Orange and Green Bohemian Striped Bed in a Bag, Paisley Soft Microfiber Bedding Comforter Set", 3 sizes ,4.4 out of 5 stars,Options:3 sizes3 sizes: $62.99$62.99
"EVERYDAY KIDS 4 Piece Toddler Bedding Set -Choo Choo Train- Includes Comforter, Flat Sheet, Fitted Sheet and Reversible Pillowcase", $29.99 ,4.7 out of 5 stars,
"Geniospin Queen Comforter Set, Bed in a Bag Ivory White 7-Pieces, Botanical Pattern, All Season Comfortable Seersucker Bedding with Comforter, Sheets, Pillowcase & Shams (Queen, 90""x90"")", 4 sizes ,4.5 out of 5 stars,Options:4 sizes4 sizes: $59.99$59.99
Beige Duvet Cover Queen Size Taupe Khaki Apricot Solid Color Bedding Set 3 Pcs Soft Microfiber Comforter Cover with Zipper Ties for Women Men, 4 sizes ,4.4 out of 5 stars,Options:4 sizes4 sizes: $34.99$34.99
"SGI bedding Ultra Luxury 4 Piece Egyptian Cotton Sheets Queen Size - 1200 Thread Count, 100% Cotton Sheets, 15"" Deep Pocket Sheet Set, Breathable, Ultra Soft and Premium Cotton - Bright White", 2 sizes ,5.0 out of 5 stars,Options:2 sizes2 sizes: $119.99$119.99
"Hyde Lane Boho Blue King Comforter Set ，Modern Farmhouse Tufted Bedding Sets, Cotton Top with Neutral Rustic Style Clipped Jacquard Stripes, 3-Pieces Including Matching Pillow Shams (104x90 Inches)", 2 sizes ,4.5 out of 5 stars,Options:2 sizes2 sizes: $94.99$94.99
"Wowelife Ruffle Crib Bedding Set for Girls Boys 3PCs Boho Crib Comforter Set Beige Baby Crib Bedding Set Nursery Bedding Sets Girls Include Quilted Comforter, Crib Skirt and Crib Sheet, Beige", $35.99 ,5.0 out of 5 stars,
"Teal Queen Comforter Set 7 Pieces, Blue Boho Striped Bed in a Bag Queen Size Soft Microfiber All Season Bedding Set with Comforter, Sheets, Pillowcases & Shams", 2 sizes ,4.1 out of 5 stars,"Options:2 sizes2 sizes: $55.99$55.99, Options:2 sizes2 sizes: $8.00$8.00"
"PHF Fluffy Sherpa Fleece Comforter Set Twin, 2 Pieces Warm Fuzzy Soft Bedding Comforter Set, 3D Tufted Flannel Warm Plush Shaggy Sherpa Bedding Set for Winter (Dark Grey, 68x90Inch)", 3 sizes ,4.7 out of 5 stars,Options:3 sizes3 sizes: $42.99$42.99
"PHF 100% Cotton Msulin Comforter Set King Size, Breathable Lightweight Super Soft Bedding Sets for All Season,3 Pieces, 1 Comfy Comforter (104""x90""),2 Pillow Shams(20""x36""), Natural", 2 sizes ,3.9 out of 5 stars,Options:2 sizes2 sizes: $87.99$87.99
"satisomnia Full Comforter Set Red, Lightweight Comforters Full Size Bed, Soft Breathable Down Alternative Bed Comforter Set, Reversible All Season 3Pcs Full Bedding Set with 2 Pillow Shams", 6 sizes ,4.6 out of 5 stars,Options:6 sizes6 sizes: $42.99$42.99
"The Little Mermaid Twin Bedding Set for Girls - Bundle with Ariel Bedspread, Flat Sheet, Fitted Sheet, and Pillowcase for Twin Bed Plus Room Decor, Stickers, More | Little Mermaid Bedroom Decor", $59.99 ,,
Deep Pocket King Sheet Set - King Size Sheets Set for Air Mattress - 4 Piece King Bedding Set Fade Resistant Fits 16in to 24in Pillow Top Air Bed Mattress - Black, 6 sizes ,4.6 out of 5 stars,"Options:6 sizes6 sizes: $41.39$41.39, Options:6 sizes6 sizes: $45.99$45.99"
"Whale Flotilla Reversible Patchwork Quilts Twin Size, Lightweight Boho Printed Bedspreads Coverlets Quilt Bedding Set with 2 Pillow Shams for All Seasons, Pink", 3 sizes ,4.6 out of 5 stars,Options:3 sizes3 sizes: $27.99$27.99
"Queen Comforter Set Dark Grey, 7 Pieces Queen Bedding Set with Comforter, Flat Sheets, Fitted Sheet, Pillowcases & Shams, Bed in a Bag Queen for All Season", 2 sizes ,3.3 out of 5 stars,Options:2 sizes2 sizes: $35.99$35.99
Disney Mickey Mouse King Comforter Set - 7 Piece Bedding Includes Sheet Set & Pillow Covers - Super Soft Cozy Celestial Bedding, $99.99 ,,
"Lotus Karen Plush Shaggy Duvet Cover Set Full Size Fluffy Velvet Faux Fur Bedding Set 3 Piece Tie Dye Luxury Ultra Soft Fuzzy Comforter Cover with 2 Pillow Shams, Zipper Closure (Tie Dye Black, Full)", 3 sizes ,4.1 out of 5 stars,"Options:3 sizes3 sizes: $49.99$49.99, Options:3 sizes3 sizes: $16.66$16.66"
"Taupe White Plaid Ruffle Sheets King Size 4-Piece Set, 300TC 100% Yarn Dyed Cotton Checker Sheets 18‘’ Deep Pocket Farmhouse Gingham Decorative Bedding（Taupe/White Plaid, King）", 4 sizes ,4.3 out of 5 stars,"Options:4 sizes4 sizes: $65.99$65.99, Options:4 sizes4 sizes: $16.50$16.50"
"Andency Faux Fur Tie-Dyed Black White Comforter for Queen Size Bed, 3 Pieces Fluffy Fuzzy Plush Bedding Comforter Set (1 Shaggy Velvet Comforter & 2 Pillowcases), Soft Puffy Down Comforter Bedding Set", 3 sizes ,4.3 out of 5 stars,Options:3 sizes3 sizes: $55.99$55.99
"Codi Flannel Sheets Twin Size- 3 Pieces Ultra Soft Flannel Sheet Set, Cozy 100% Cotton Bedsheets, Novelty Printed Bedding Sets, Fall Themed Warm Sheets, 12 Inch Deep Pocket, Seafoam Llama", 4 sizes ,,Options:4 sizes4 sizes: $34.99$34.99
"4pcs Duvet Cover Set Cartoon Cat Bedding Sets Microfiber Pink Bed Linen,1 Duvet Cover 1 Bed Sheet 2 Pillowcase,No Comforter (Twin68x86inch), 20240448", $49.99 ,,
"RYNGHIPY Kids Bedding Set for Twin Bed Reversible Ocean Animals Print Comforter Set for Boys Girls Easy-Wash Super Soft Microfiber Bed Set (Navy Ocean,Twin)", 3 sizes ,4.6 out of 5 stars,Options:3 sizes3 sizes: $39.99$39.99
"UNILIBRA Pink King Size Comforter Set, 7 Pieces Striped Bed in a Bag, Lightweight Cationic Dyeing Bedding Sets for All Seasons with Comforter, Flat Sheet, Fitted Sheet, Pillow Shams, Pillowcases", 4 sizes ,4.5 out of 5 stars,Options:4 sizes4 sizes: $56.95$56.95
Jay Franco Disney Mickey Mouse King Sized Sheet Set - Moons and Stars Super Soft 4 Piece Bedding Set - Kids Microfiber Sheets Includes Reversible Pillow Covers, $39.99 ,,
Green Essen Reversible Christmas Bedding Quilts Full/Queen Size Xmas Elf Reindeer Bedspread Lightweight New Year Coverlet Plaid Bed Quilt Holoiday Bedroon Home Decor, 3 sizes ,4.4 out of 5 stars,Options:3 sizes3 sizes: $48.99$48.99
"Ella Jayne Luxury 100% Viscose Bamboo Bed Sheet Set (4pc), Eco-Friendly & Cooling Bed Sheets, Sustainable Viscose Bamboo Sheets King & Queen Size, Queen Viscose Bamboo Sheets, Silver - Queen Size", 4 sizes ,4.7 out of 5 stars,Options:4 sizes4 sizes: $54.89$54.89
"Coastal Bedding King Size Coastal Quilt with 2 Shams, Nautical Bedding Beach Comforter Sets Ocean Bedspreads Coastal Coverlet Summer Bedding, 96''x106''", 3 sizes ,4.7 out of 5 stars,Options:3 sizes3 sizes: $54.99$54.99
"Christmas Duvet Cover Queen Size, Duvet Cover Set 3 Pieces Soft Microfiber Red Bedding Set Christmas Theme Reindeers Santa Claus Christmas Trees Pattern Comforter Set (90""x90"")", 2 sizes ,,Options:2 sizes2 sizes: $29.99$29.99
"Homewish Deer Antler Fishing Comforter Set King Size,Boys Vintage American Flag Bedding Set for Kids Teens Men Room Decor Brown Jungle Branches Camo Quilted Duvet Adventure Hunting Duvet Insert 3Pcs", 4 sizes ,4.5 out of 5 stars,Options:4 sizes4 sizes: $69.99$69.99
"Pink Comforter Set Twin Size, Solid Blush Women Girls Pink Down Alternative Boho Bedding Comforter Set, Breathable Fluffy Microfiber Comforter (68""x90"") for All Seasons with Pillowcase", 4 sizes ,4.4 out of 5 stars,"Options:4 sizes4 sizes: $30.99$30.99, Options:4 sizes4 sizes: $33.99$33.99"
Jay Franco Disney Minnie Mouse Queen Sheet Set - Super Soft Pink Mandala 4 Piece Bedding Set - Kids Microfiber Sheets Includes Reversible Pillow Covers, $34.99 ,,
"WINLIFE 3 PCS Full Comforter Set for Boys, Super-Soft Reversible Teen Bed Sets Comforter, Ocean Theme Printed Comforter, Easy Wash Bedding Quilt (3PCS, Navy Blue, Sharks/Dolphins/Fish)", 3 sizes ,4.6 out of 5 stars,Options:3 sizes3 sizes: $41.99$41.99
"3 Piece Christmas Daybed Cover Twin Size Snowman Elk Daybed Sets Xmas Bedding Double Sided Quilting Cover Set Christmas Lodge Bedspread Coverlet All Season for Twin Bed with 2 Standard Shams,39""x75""", $46.99 ,4.3 out of 5 stars,
Beige Duvet Cover King Size Soft Microfiber King Duvet Cover Boho Beige Tan Bedding Set 3 Pieces Comforter Cover 1 Duvet Cover 104”x90” with 2 Pillowcases Linen Beige Duvet Cover with Zipper Closure, 4 sizes ,4.5 out of 5 stars,"Options:4 sizes4 sizes: $35.92$35.92, Options:4 sizes4 sizes: $11.97$11.97"
"3-Piece Boho Tufted Dots Kids Bedding Set for Girls Jacquard Pom Pom Tufts Embroidery Bed-in-a-Bag Bohemian Kids Comforter Set for Boys with Comforter, 2 Pillowcase (Purple, Full)", 4 sizes ,4.6 out of 5 stars,Options:4 sizes4 sizes: $42.99$42.99
"Christmas Comforter Set Queen Size 7 Piece Red Plaid Snowflake Bedding Set Bed in a Bag Revesible Lightweight Microfiber Winter Down Alternative Bed Set with Pillowcases & Shams,Sheets", 2 sizes ,,Options:2 sizes2 sizes: $55.99$55.99
"Teenage Boy Bedding Sets Twin 4 Pieces Basketball Comforter Set for Boys Twin Size Bed in a Bag Set, Basketball Bedding Twin, Red Black", 2 sizes ,4.5 out of 5 stars,Options:2 sizes2 sizes: $47.79$47.79
Kids Football Bedding Set Sports Theme Comforter Cover for Child Boys Girls Soccer Ball Pattern Duvet Cover Breathable Colorful Grunge Style Bedspread Cover Geometry Room Decor Quilt Cover Twin Size, 4 sizes ,4.1 out of 5 stars,Options:4 sizes4 sizes: $35.99$35.99
Juicy Couture Hot Pink Velour King Comforter Set with Decorative Pillows - 5 Piece Luxury Bedding Ensemble, 3 sizes ,,"Options:3 sizes3 sizes: $234.99$234.99, Options:3 sizes3 sizes: $47.00$47.00"
"King Size Comforter Set-Sage Green King Bedding Set 7 Pieces, Fluffy Bed Set for All Season, Soft Bed in A Bag with Comforter, Sheets, Pillowcases & Shams", 4 sizes ,4.6 out of 5 stars,Options:4 sizes4 sizes: $39.99$39.99
"2 Pcs Comforter Set Twin Size with Pillowcase, Gold Golden Yellow Mid Century Bedding Set for Kids and Adults, Sun Boho Geometric Leaf Soft Comforter Set for Bedroom Bed Decor", 4 sizes ,4.5 out of 5 stars,Options:4 sizes4 sizes: $43.99$43.99
"Codi Flannel Sheets Queen Size- 4 Pieces Ultra Soft Flannel Sheet Set, Cozy 100% Cotton Tan Plaid Bedsheets, Brushed for Extra Softness, Fall Themed Warm Bedding Sheets, 14 Inch Deep Pocket", 4 sizes ,5.0 out of 5 stars,Options:4 sizes4 sizes: $42.99$42.99
"MorroMorn Twin Duvet Cover Cotton, 3D Embroidery Twin Bedding Sets, Cute Chenille Embroidered Comforter Covers Summer Blanket Soft Breathable for Girls Kids Teen Preppy (Donut White, Twin/Twin XL)", 2 sizes ,4.4 out of 5 stars,"Options:2 sizes2 sizes: $54.89$54.89, Options:2 sizes2 sizes: $58.89$58.89"
Nayoroom White Boho Duvet Cover Set Queen Size Striped Textured Tufted Bedding Sets 3 Pieces Soft Lightweight Washed Microfiber Farmhouse Aesthetic Comforter Cover with Zipper Closure for All Seasons, 2 sizes ,4.3 out of 5 stars,"Options:2 sizes2 sizes: $39.99$39.99, Options:2 sizes2 sizes: $13.33$13.33, Options:2 sizes2 sizes: $44.99$44.99"
